date_time,station_code,source_name,azimuth,elevation,device,input,polarization,frequency,TSYS,SEFD,Tcal(j),Tcal(r) ,date,time
2020-12-22 17:27,Gs,casa,40.7,40.2,15a0,1,l,3016.4,74.23,4097.1,55.192,1.66,2020-12-22,17:27
2020-12-22 17:27,Gs,casa,40.7,40.2,15a1,2,r,3016.4,52.2,3198.6,61.279,1.84,2020-12-22,17:27
2020-12-22 17:27,Gs,casa,40.7,40.2,15b0,3,l,5256.4,49.64,2444.6,49.25,1.48,2020-12-22,17:27
2020-12-22 17:27,Gs,casa,40.7,40.2,15b1,4,r,5256.4,56.36,3258.5,57.82,1.73,2020-12-22,17:27
2020-12-22 17:27,Gs,casa,40.7,40.2,15c0,5,l,6376.4,44.91,2169.6,48.312,1.45,2020-12-22,17:27
2020-12-22 17:27,Gs,casa,40.7,40.2,15c1,6,r,6376.4,60.66,2933.6,48.362,1.45,2020-12-22,17:27
2020-12-22 17:27,Gs,casa,40.7,40.2,15d0,7,l,10216.4,53.4,2620.7,49.08,1.47,2020-12-22,17:27
2020-12-22 17:27,Gs,casa,40.7,40.2,15d1,8,r,10216.4,66.91,3169.8,47.374,1.42,2020-12-22,17:27
2020-12-22 17:21,K2,virgoa,203.4,79.3,15a0,1,l,3016.4,57.8,2459.0,106.356,1.06,2020-12-22,17:21
2020-12-22 17:21,K2,virgoa,203.4,79.3,15a1,2,r,3016.4,63.72,2551.2,100.091,1.0,2020-12-22,17:21
2020-12-22 17:21,K2,virgoa,203.4,79.3,15b0,3,l,5256.4,69.43,3063.3,110.297,1.1,2020-12-22,17:21
2020-12-22 17:21,K2,virgoa,203.4,79.3,15b1,4,r,5256.4,76.57,4223.0,137.884,1.38,2020-12-22,17:21
2020-12-22 17:21,K2,virgoa,203.4,79.3,15c0,5,l,6376.4,81.59,3763.0,115.31,1.15,2020-12-22,17:21
2020-12-22 17:21,K2,virgoa,203.4,79.3,15c1,6,r,6376.4,91.64,4756.4,129.764,1.3,2020-12-22,17:21
2020-12-22 17:21,K2,virgoa,203.4,79.3,15d0,7,l,10216.4,126.9,4349.1,102.749,0.86,2020-12-22,17:21
2020-12-22 17:21,K2,virgoa,203.4,79.3,15d1,8,r,10216.4,132.5,10180.0,230.47,1.92,2020-12-22,17:21
2020-12-22 15:21,Mg,virgoa,242.9,56.8,15a0,1,l,3016.4,96.99,4696.5,48.424,1.21,2020-12-22,15:21
2020-12-22 15:21,Mg,virgoa,242.9,56.8,15a1,2,r,3016.4,100.3,5902.3,58.826,1.47,2020-12-22,15:21
2020-12-22 15:21,Mg,virgoa,242.9,56.8,15b0,3,l,5256.4,119.2,5911.1,49.584,1.24,2020-12-22,15:21
2020-12-22 15:21,Mg,virgoa,242.9,56.8,15b1,4,r,5256.4,179.8,10076.0,56.029,1.4,2020-12-22,15:21
2020-12-22 15:21,Mg,virgoa,242.9,56.8,15c0,5,l,6376.4,151.0,8432.6,55.832,1.4,2020-12-22,15:21
2020-12-22 15:21,Mg,virgoa,242.9,56.8,15c1,6,r,6376.4,131.8,9667.5,73.352,1.83,2020-12-22,15:21
2020-12-22 15:21,Mg,virgoa,242.9,56.8,15d0,7,l,10216.4,178.1,10385.0,58.282,1.46,2020-12-22,15:21
2020-12-22 15:21,Mg,virgoa,242.9,56.8,15d1,8,r,10216.4,183.6,10091.0,54.947,1.37,2020-12-22,15:21
2020-12-22 16:10,Oe,casa,57.9,86.9,001l,1,l,3464.4,81.44,2669.4,56.148,0.89,2020-12-22,16:10
2020-12-22 16:10,Oe,casa,57.9,86.9,002l,1,l,3432.4,78.44,2917.3,63.577,1.0,2020-12-22,16:10
2020-12-22 16:10,Oe,casa,57.9,86.9,003l,1,l,3368.4,88.54,2916.9,67.265,0.89,2020-12-22,16:10
2020-12-22 16:10,Oe,casa,57.9,86.9,004l,1,l,3304.4,69.56,2447.5,77.523,0.95,2020-12-22,16:10
2020-12-22 16:10,Oe,casa,57.9,86.9,005l,1,l,3208.4,79.05,2882.3,72.43,0.98,2020-12-22,16:10
2020-12-22 16:10,Oe,casa,57.9,86.9,006l,1,l,3080.4,81.48,3639.5,88.731,1.21,2020-12-22,16:10
2020-12-22 16:10,Oe,casa,57.9,86.9,007l,1,l,3048.4,63.55,3233.9,101.078,1.37,2020-12-22,16:10
2020-12-22 16:10,Oe,casa,57.9,86.9,008l,1,l,3016.4,70.51,3809.0,107.312,1.46,2020-12-22,16:10
2020-12-22 16:10,Oe,casa,57.9,86.9,009l,2,r,3464.4,57.47,2022.1,92.704,0.95,2020-12-22,16:10
2020-12-22 16:10,Oe,casa,57.9,86.9,010l,2,r,3432.4,57.03,2063.1,95.359,0.98,2020-12-22,16:10
2020-12-22 16:10,Oe,casa,57.9,86.9,011l,2,r,3368.4,60.59,2137.8,104.782,0.95,2020-12-22,16:10
2020-12-22 16:10,Oe,casa,57.9,86.9,012l,2,r,3304.4,53.67,1894.8,149.692,0.95,2020-12-22,16:10
2020-12-22 16:10,Oe,casa,57.9,86.9,013l,2,r,3208.4,83.56,2713.5,160.233,0.88,2020-12-22,16:10
2020-12-22 16:10,Oe,casa,57.9,86.9,014l,2,r,3080.4,97.08,2745.9,139.555,0.76,2020-12-22,16:10
2020-12-22 16:10,Oe,casa,57.9,86.9,015l,2,r,3048.4,113.1,2770.0,120.769,0.66,2020-12-22,16:10
2020-12-22 16:10,Oe,casa,57.9,86.9,016l,2,r,3016.4,124.0,3044.6,121.127,0.66,2020-12-22,16:10
2020-12-22 16:10,Oe,casa,57.9,86.9,017l,3,l,5736.4,49.6,1787.9,96.593,0.97,2020-12-22,16:10
2020-12-22 16:10,Oe,casa,57.9,86.9,018l,3,l,5704.4,53.02,1862.9,94.452,0.95,2020-12-22,16:10
2020-12-22 16:10,Oe,casa,57.9,86.9,019l,3,l,5640.4,47.72,1750.4,88.065,0.99,2020-12-22,16:10
2020-12-22 16:10,Oe,casa,57.9,86.9,020l,3,l,5576.4,40.54,1467.6,81.013,0.98,2020-12-22,16:10
2020-12-22 16:10,Oe,casa,57.9,86.9,021l,3,l,5480.4,40.91,1342.6,66.781,0.89,2020-12-22,16:10
2020-12-22 16:10,Oe,casa,57.9,86.9,022l,3,l,5352.4,42.12,1694.5,71.962,1.09,2020-12-22,16:10
2020-12-22 16:10,Oe,casa,57.9,86.9,023l,3,l,5320.4,42.23,1577.1,69.191,1.01,2020-12-22,16:10
2020-12-22 16:10,Oe,casa,57.9,86.9,024l,3,l,5288.4,40.95,1459.5,66.902,0.96,2020-12-22,16:10
2020-12-22 16:10,Oe,casa,57.9,86.9,025l,4,r,5736.4,72.15,1589.5,68.711,0.59,2020-12-22,16:10
2020-12-22 16:10,Oe,casa,57.9,86.9,026l,4,r,5704.4,68.03,1613.1,70.736,0.64,2020-12-22,16:10
2020-12-22 16:10,Oe,casa,57.9,86.9,027l,4,r,5640.4,64.56,1494.3,60.642,0.62,2020-12-22,16:10
2020-12-22 16:10,Oe,casa,57.9,86.9,028l,4,r,5576.4,49.71,1401.8,67.59,0.76,2020-12-22,16:10
2020-12-22 16:10,Oe,casa,57.9,86.9,029l,4,r,5480.4,44.23,1531.2,72.144,0.93,2020-12-22,16:10
2020-12-22 16:10,Oe,casa,57.9,86.9,030l,4,r,5352.4,36.79,1618.1,76.109,1.19,2020-12-22,16:10
2020-12-22 16:10,Oe,casa,57.9,86.9,031l,4,r,5320.4,34.5,1428.5,72.13,1.12,2020-12-22,16:10
2020-12-22 16:10,Oe,casa,57.9,86.9,032l,4,r,5288.4,32.19,1293.8,68.024,1.09,2020-12-22,16:10
2020-12-22 16:10,Oe,casa,57.9,86.9,033l,5,l,6856.4,32.62,1464.6,43.849,1.21,2020-12-22,16:10
2020-12-22 16:10,Oe,casa,57.9,86.9,034l,5,l,6824.4,32.78,1567.4,50.678,1.29,2020-12-22,16:10
2020-12-22 16:10,Oe,casa,57.9,86.9,035l,5,l,6760.4,37.01,1562.9,55.317,1.14,2020-12-22,16:10
2020-12-22 16:10,Oe,casa,57.9,86.9,036l,5,l,6696.4,40.77,1474.1,46.38,0.98,2020-12-22,16:10
2020-12-22 16:10,Oe,casa,57.9,86.9,037l,5,l,6600.4,42.74,1702.9,60.661,1.08,2020-12-22,16:10
2020-12-22 16:10,Oe,casa,57.9,86.9,038l,5,l,6472.4,42.01,1477.2,59.143,0.95,2020-12-22,16:10
2020-12-22 16:10,Oe,casa,57.9,86.9,039l,5,l,6440.4,36.91,1362.2,61.709,1.0,2020-12-22,16:10
2020-12-22 16:10,Oe,casa,57.9,86.9,040l,5,l,6408.4,36.02,1265.2,61.077,0.95,2020-12-22,16:10
2020-12-22 16:10,Oe,casa,57.9,86.9,041l,6,r,6856.4,38.84,1681.4,60.225,1.17,2020-12-22,16:10
2020-12-22 16:10,Oe,casa,57.9,86.9,042l,6,r,6824.4,43.96,1929.9,62.767,1.19,2020-12-22,16:10
2020-12-22 16:10,Oe,casa,57.9,86.9,043l,6,r,6760.4,51.84,2112.1,61.833,1.1,2020-12-22,16:10
2020-12-22 16:10,Oe,casa,57.9,86.9,044l,6,r,6696.4,81.96,2652.4,48.657,0.87,2020-12-22,16:10
2020-12-22 16:10,Oe,casa,57.9,86.9,045l,6,r,6600.4,57.99,2025.8,65.062,0.94,2020-12-22,16:10
2020-12-22 16:10,Oe,casa,57.9,86.9,046l,6,r,6472.4,56.2,2078.9,65.563,1.0,2020-12-22,16:10
2020-12-22 16:10,Oe,casa,57.9,86.9,047l,6,r,6440.4,59.47,2263.0,67.313,1.03,2020-12-22,16:10
2020-12-22 16:10,Oe,casa,57.9,86.9,048l,6,r,6408.4,49.48,1806.5,64.945,0.99,2020-12-22,16:10
2020-12-22 16:10,Oe,casa,57.9,86.9,049l,7,l,10696.4,42.62,1976.4,76.565,1.25,2020-12-22,16:10
2020-12-22 16:10,Oe,casa,57.9,86.9,050l,7,l,10664.4,43.8,2083.6,77.256,1.28,2020-12-22,16:10
2020-12-22 16:10,Oe,casa,57.9,86.9,051l,7,l,10600.4,49.74,2077.9,62.728,1.13,2020-12-22,16:10
2020-12-22 16:10,Oe,casa,57.9,86.9,052l,7,l,10536.4,55.97,1956.8,53.005,0.94,2020-12-22,16:10
2020-12-22 16:10,Oe,casa,57.9,86.9,053l,7,l,10440.4,64.64,1890.8,46.161,0.79,2020-12-22,16:10
2020-12-22 16:10,Oe,casa,57.9,86.9,054l,7,l,10312.4,58.97,1881.4,49.146,0.86,2020-12-22,16:10
2020-12-22 16:10,Oe,casa,57.9,86.9,055l,7,l,10280.4,59.66,1903.8,48.005,0.86,2020-12-22,16:10
2020-12-22 16:10,Oe,casa,57.9,86.9,056l,7,l,10248.4,54.81,1933.5,45.834,0.95,2020-12-22,16:10
2020-12-22 16:10,Oe,casa,57.9,86.9,057l,8,r,10696.4,42.62,2069.9,97.654,1.31,2020-12-22,16:10
2020-12-22 16:10,Oe,casa,57.9,86.9,058l,8,r,10664.4,45.44,2153.9,91.517,1.28,2020-12-22,16:10
2020-12-22 16:10,Oe,casa,57.9,86.9,059l,8,r,10600.4,47.44,2144.0,69.623,1.22,2020-12-22,16:10
2020-12-22 16:10,Oe,casa,57.9,86.9,060l,8,r,10536.4,45.3,2087.1,75.17,1.24,2020-12-22,16:10
2020-12-22 16:10,Oe,casa,57.9,86.9,061l,8,r,10440.4,43.03,2011.0,88.926,1.26,2020-12-22,16:10
2020-12-22 16:10,Oe,casa,57.9,86.9,062l,8,r,10312.4,42.17,1905.2,88.902,1.22,2020-12-22,16:10
2020-12-22 16:10,Oe,casa,57.9,86.9,063l,8,r,10280.4,43.02,1870.4,80.162,1.17,2020-12-22,16:10
2020-12-22 16:10,Oe,casa,57.9,86.9,064l,8,r,10248.4,45.12,1944.5,72.221,1.16,2020-12-22,16:10
2020-12-22 16:10,Oe,casa,57.9,86.9,001u,1,l,3496.4,75.33,2796.2,62.392,1.0,2020-12-22,16:10
2020-12-22 16:10,Oe,casa,57.9,86.9,002u,1,l,3464.4,84.58,3329.0,67.419,1.06,2020-12-22,16:10
2020-12-22 16:10,Oe,casa,57.9,86.9,003u,1,l,3400.4,83.3,2858.8,71.339,0.93,2020-12-22,16:10
2020-12-22 16:10,Oe,casa,57.9,86.9,004u,1,l,3336.4,60.89,2216.0,78.617,0.98,2020-12-22,16:10
2020-12-22 16:10,Oe,casa,57.9,86.9,005u,1,l,3240.4,85.94,3246.1,69.088,1.02,2020-12-22,16:10
2020-12-22 16:10,Oe,casa,57.9,86.9,006u,1,l,3112.4,67.63,3206.7,94.183,1.28,2020-12-22,16:10
2020-12-22 16:10,Oe,casa,57.9,86.9,007u,1,l,3080.4,67.72,3632.1,106.543,1.45,2020-12-22,16:10
2020-12-22 16:10,Oe,casa,57.9,86.9,008u,1,l,3048.4,71.24,4746.1,132.336,1.8,2020-12-22,16:10
2020-12-22 16:10,Oe,casa,57.9,86.9,009u,2,r,3496.4,55.56,2012.1,93.721,0.98,2020-12-22,16:10
2020-12-22 16:10,Oe,casa,57.9,86.9,010u,2,r,3464.4,53.54,1950.3,95.991,0.98,2020-12-22,16:10
2020-12-22 16:10,Oe,casa,57.9,86.9,011u,2,r,3400.4,56.66,2060.4,121.11,0.98,2020-12-22,16:10
2020-12-22 16:10,Oe,casa,57.9,86.9,012u,2,r,3336.4,58.44,2034.6,162.912,0.94,2020-12-22,16:10
2020-12-22 16:10,Oe,casa,57.9,86.9,013u,2,r,3240.4,86.45,2842.0,160.164,0.89,2020-12-22,16:10
2020-12-22 16:10,Oe,casa,57.9,86.9,014u,2,r,3112.4,122.4,2861.3,115.26,0.63,2020-12-22,16:10
2020-12-22 16:10,Oe,casa,57.9,86.9,015u,2,r,3080.4,128.0,2993.6,115.363,0.63,2020-12-22,16:10
2020-12-22 16:10,Oe,casa,57.9,86.9,016u,2,r,3048.4,96.42,3319.8,169.883,0.93,2020-12-22,16:10
2020-12-22 16:10,Oe,casa,57.9,86.9,017u,3,l,5704.4,49.37,1781.6,96.998,0.97,2020-12-22,16:10
2020-12-22 16:10,Oe,casa,57.9,86.9,018u,3,l,5672.4,50.14,1808.9,97.375,0.97,2020-12-22,16:10
2020-12-22 16:10,Oe,casa,57.9,86.9,019u,3,l,5608.4,54.73,1995.3,93.065,0.98,2020-12-22,16:10
2020-12-22 16:10,Oe,casa,57.9,86.9,020u,3,l,5544.4,44.67,1607.0,84.308,0.97,2020-12-22,16:10
2020-12-22 16:10,Oe,casa,57.9,86.9,021u,3,l,5448.4,40.0,1370.2,71.509,0.92,2020-12-22,16:10
2020-12-22 16:10,Oe,casa,57.9,86.9,022u,3,l,5320.4,42.35,1642.6,71.869,1.05,2020-12-22,16:10
2020-12-22 16:10,Oe,casa,57.9,86.9,023u,3,l,5288.4,43.72,1690.4,72.574,1.04,2020-12-22,16:10
2020-12-22 16:10,Oe,casa,57.9,86.9,024u,3,l,5256.4,42.87,1585.9,69.192,1.0,2020-12-22,16:10
2020-12-22 16:10,Oe,casa,57.9,86.9,025u,4,r,5704.4,66.19,1565.1,70.536,0.64,2020-12-22,16:10
2020-12-22 16:10,Oe,casa,57.9,86.9,026u,4,r,5672.4,72.85,1608.7,69.027,0.6,2020-12-22,16:10
2020-12-22 16:10,Oe,casa,57.9,86.9,027u,4,r,5608.4,62.81,1549.7,68.887,0.67,2020-12-22,16:10
2020-12-22 16:10,Oe,casa,57.9,86.9,028u,4,r,5544.4,56.05,1433.1,65.687,0.69,2020-12-22,16:10
2020-12-22 16:10,Oe,casa,57.9,86.9,029u,4,r,5448.4,40.13,1486.6,79.98,1.0,2020-12-22,16:10
2020-12-22 16:10,Oe,casa,57.9,86.9,030u,4,r,5320.4,39.87,1709.3,74.681,1.16,2020-12-22,16:10
2020-12-22 16:10,Oe,casa,57.9,86.9,031u,4,r,5288.4,34.95,1609.0,77.919,1.24,2020-12-22,16:10
2020-12-22 16:10,Oe,casa,57.9,86.9,032u,4,r,5256.4,32.33,1414.7,72.349,1.18,2020-12-22,16:10
2020-12-22 16:10,Oe,casa,57.9,86.9,033u,5,l,6824.4,34.07,1429.7,44.48,1.13,2020-12-22,16:10
2020-12-22 16:10,Oe,casa,57.9,86.9,034u,5,l,6792.4,33.28,1483.9,44.416,1.2,2020-12-22,16:10
2020-12-22 16:10,Oe,casa,57.9,86.9,035u,5,l,6728.4,35.75,1562.6,53.091,1.18,2020-12-22,16:10
2020-12-22 16:10,Oe,casa,57.9,86.9,036u,5,l,6664.4,39.36,1455.8,47.761,1.0,2020-12-22,16:10
2020-12-22 16:10,Oe,casa,57.9,86.9,037u,5,l,6568.4,43.23,1667.9,57.593,1.04,2020-12-22,16:10
2020-12-22 16:10,Oe,casa,57.9,86.9,038u,5,l,6440.4,47.12,1559.8,55.348,0.89,2020-12-22,16:10
2020-12-22 16:10,Oe,casa,57.9,86.9,039u,5,l,6408.4,42.29,1465.6,60.25,0.94,2020-12-22,16:10
2020-12-22 16:10,Oe,casa,57.9,86.9,040u,5,l,6376.4,38.61,1351.1,62.166,0.94,2020-12-22,16:10
2020-12-22 16:10,Oe,casa,57.9,86.9,041u,6,r,6824.4,38.15,1611.2,60.374,1.14,2020-12-22,16:10
2020-12-22 16:10,Oe,casa,57.9,86.9,042u,6,r,6792.4,39.0,1692.6,61.132,1.17,2020-12-22,16:10
2020-12-22 16:10,Oe,casa,57.9,86.9,043u,6,r,6728.4,50.5,2127.6,64.079,1.14,2020-12-22,16:10
2020-12-22 16:10,Oe,casa,57.9,86.9,044u,6,r,6664.4,74.34,2635.7,54.133,0.96,2020-12-22,16:10
2020-12-22 16:10,Oe,casa,57.9,86.9,045u,6,r,6568.4,63.99,2188.6,62.283,0.92,2020-12-22,16:10
2020-12-22 16:10,Oe,casa,57.9,86.9,046u,6,r,6440.4,57.6,1976.2,60.687,0.93,2020-12-22,16:10
2020-12-22 16:10,Oe,casa,57.9,86.9,047u,6,r,6408.4,57.76,2125.8,65.467,0.99,2020-12-22,16:10
2020-12-22 16:10,Oe,casa,57.9,86.9,048u,6,r,6376.4,58.81,2149.0,67.526,0.99,2020-12-22,16:10
2020-12-22 16:10,Oe,casa,57.9,86.9,049u,7,l,10664.4,46.09,1957.5,68.969,1.15,2020-12-22,16:10
2020-12-22 16:10,Oe,casa,57.9,86.9,050u,7,l,10632.4,43.24,1997.3,77.323,1.25,2020-12-22,16:10
2020-12-22 16:10,Oe,casa,57.9,86.9,051u,7,l,10568.4,49.91,2155.1,69.816,1.17,2020-12-22,16:10
2020-12-22 16:10,Oe,casa,57.9,86.9,052u,7,l,10504.4,54.08,2001.5,54.51,1.0,2020-12-22,16:10
2020-12-22 16:10,Oe,casa,57.9,86.9,053u,7,l,10408.4,65.11,1881.9,46.593,0.78,2020-12-22,16:10
2020-12-22 16:10,Oe,casa,57.9,86.9,054u,7,l,10280.4,57.93,1810.4,47.012,0.84,2020-12-22,16:10
2020-12-22 16:10,Oe,casa,57.9,86.9,055u,7,l,10248.4,49.93,1899.6,49.427,1.03,2020-12-22,16:10
2020-12-22 16:10,Oe,casa,57.9,86.9,056u,7,l,10216.4,51.17,1907.7,48.234,1.01,2020-12-22,16:10
2020-12-22 16:10,Oe,casa,57.9,86.9,057u,8,r,10664.4,41.59,2038.1,94.606,1.32,2020-12-22,16:10
2020-12-22 16:10,Oe,casa,57.9,86.9,058u,8,r,10632.4,43.1,2089.2,97.563,1.31,2020-12-22,16:10
2020-12-22 16:10,Oe,casa,57.9,86.9,059u,8,r,10568.4,47.83,2192.5,76.383,1.24,2020-12-22,16:10
2020-12-22 16:10,Oe,casa,57.9,86.9,060u,8,r,10504.4,47.08,2121.5,69.311,1.22,2020-12-22,16:10
2020-12-22 16:10,Oe,casa,57.9,86.9,061u,8,r,10408.4,43.59,1991.9,87.729,1.23,2020-12-22,16:10
2020-12-22 16:10,Oe,casa,57.9,86.9,062u,8,r,10280.4,38.65,1950.9,93.048,1.36,2020-12-22,16:10
2020-12-22 16:10,Oe,casa,57.9,86.9,063u,8,r,10248.4,36.9,2003.6,90.994,1.47,2020-12-22,16:10
2020-12-22 16:10,Oe,casa,57.9,86.9,064u,8,r,10216.4,38.85,1862.0,77.564,1.29,2020-12-22,16:10
2020-12-22 16:10,Oe,casa,57.9,86.9,ia,1,l,2048.0,108.5,6842.0,125.158,1.7,2020-12-22,16:10
2020-12-22 16:10,Oe,casa,57.9,86.9,ib,2,r,2048.0,114.7,4705.1,202.403,1.11,2020-12-22,16:10
2020-12-22 16:10,Oe,casa,57.9,86.9,ic,3,l,5652.0,56.97,2127.2,75.762,1.01,2020-12-22,16:10
2020-12-22 16:10,Oe,casa,57.9,86.9,id,4,r,5652.0,49.0,1883.1,70.043,1.04,2020-12-22,16:10
2020-12-22 16:10,Oe,casa,57.9,86.9,ie,5,l,5652.0,52.47,1952.0,75.481,1.0,2020-12-22,16:10
2020-12-22 16:10,Oe,casa,57.9,86.9,if,6,r,5652.0,45.88,1771.9,70.391,1.04,2020-12-22,16:10
2020-12-22 16:10,Oe,casa,57.9,86.9,ig,7,l,9552.0,30.37,1976.2,80.1,1.76,2020-12-22,16:10
2020-12-22 16:10,Oe,casa,57.9,86.9,ih,8,r,9552.0,30.96,2140.2,108.777,1.87,2020-12-22,16:10
2020-12-22 16:11,Ow,casa,57.1,87.0,001l,1,l,3464.4,12012.0,2857.5,1.746,0.01,2020-12-22,16:11
2020-12-22 16:11,Ow,casa,57.1,87.0,002l,1,l,3432.4,-2454.0,2395.4,-7.176,-0.03,2020-12-22,16:11
2020-12-22 16:11,Ow,casa,57.1,87.0,003l,1,l,3368.4,-8455.0,4684.7,-4.547,-0.02,2020-12-22,16:11
2020-12-22 16:11,Ow,casa,57.1,87.0,004l,1,l,3304.4,565.2,2753.0,37.753,0.17,2020-12-22,16:11
2020-12-22 16:11,Ow,casa,57.1,87.0,005l,1,l,3208.4,-2631.0,2343.7,-7.085,-0.03,2020-12-22,16:11
2020-12-22 16:11,Ow,casa,57.1,87.0,006l,1,l,3080.4,-1698.0,3816.4,-17.877,-0.08,2020-12-22,16:11
2020-12-22 16:11,Ow,casa,57.1,87.0,007l,1,l,3048.4,1322.0,2405.4,14.468,0.06,2020-12-22,16:11
2020-12-22 16:11,Ow,casa,57.1,87.0,008l,1,l,3016.4,-1737.0,3746.2,-17.154,-0.08,2020-12-22,16:11
2020-12-22 16:11,Ow,casa,57.1,87.0,009l,2,r,3464.4,8154.0,1490.6,1.394,0.01,2020-12-22,16:11
2020-12-22 16:11,Ow,casa,57.1,87.0,010l,2,r,3432.4,7980.0,25947.0,24.659,0.11,2020-12-22,16:11
2020-12-22 16:11,Ow,casa,57.1,87.0,011l,2,r,3368.4,12319.0,6076.8,4.44,0.02,2020-12-22,16:11
2020-12-22 16:11,Ow,casa,57.1,87.0,012l,2,r,3304.4,723.7,,-1365.6,-5.05,2020-12-22,16:11
2020-12-22 16:11,Ow,casa,57.1,87.0,013l,2,r,3208.4,21589.0,4771.7,2.436,0.01,2020-12-22,16:11
2020-12-22 16:11,Ow,casa,57.1,87.0,014l,2,r,3080.4,,25618.0,-5.205,-0.02,2020-12-22,16:11
2020-12-22 16:11,Ow,casa,57.1,87.0,015l,2,r,3048.4,-7048.0,36421.0,-56.945,-0.18,2020-12-22,16:11
2020-12-22 16:11,Ow,casa,57.1,87.0,016l,2,r,3016.4,-5564.0,-57480.0,113.834,0.36,2020-12-22,16:11
2020-12-22 16:11,Ow,casa,57.1,87.0,017l,3,l,5736.4,,1483.5,-0.173,-0.0,2020-12-22,16:11
2020-12-22 16:11,Ow,casa,57.1,87.0,018l,3,l,5704.4,24109.0,1585.3,0.403,0.0,2020-12-22,16:11
2020-12-22 16:11,Ow,casa,57.1,87.0,019l,3,l,5640.4,27180.0,1474.8,0.348,0.0,2020-12-22,16:11
2020-12-22 16:11,Ow,casa,57.1,87.0,020l,3,l,5576.4,-1563.0,1382.8,-4.996,-0.03,2020-12-22,16:11
2020-12-22 16:11,Ow,casa,57.1,87.0,021l,3,l,5480.4,,8175.6,-2.626,-0.01,2020-12-22,16:11
2020-12-22 16:11,Ow,casa,57.1,87.0,022l,3,l,5352.4,75524.0,1543.6,0.108,0.0,2020-12-22,16:11
2020-12-22 16:11,Ow,casa,57.1,87.0,023l,3,l,5320.4,-3213.0,1899.6,-3.591,-0.02,2020-12-22,16:11
2020-12-22 16:11,Ow,casa,57.1,87.0,024l,3,l,5288.4,-3428.0,4101.0,-7.912,-0.04,2020-12-22,16:11
2020-12-22 16:11,Ow,casa,57.1,87.0,025l,4,r,5736.4,-8435.0,2083.6,-1.337,-0.01,2020-12-22,16:11
2020-12-22 16:11,Ow,casa,57.1,87.0,026l,4,r,5704.4,4415.0,1679.7,2.039,0.01,2020-12-22,16:11
2020-12-22 16:11,Ow,casa,57.1,87.0,027l,4,r,5640.4,,1560.4,-0.342,-0.0,2020-12-22,16:11
2020-12-22 16:11,Ow,casa,57.1,87.0,028l,4,r,5576.4,-408.0,1407.7,-15.554,-0.12,2020-12-22,16:11
2020-12-22 16:11,Ow,casa,57.1,87.0,029l,4,r,5480.4,-3282.0,2807.6,-4.392,-0.03,2020-12-22,16:11
2020-12-22 16:11,Ow,casa,57.1,87.0,030l,4,r,5352.4,3465.0,1532.7,1.894,0.02,2020-12-22,16:11
2020-12-22 16:11,Ow,casa,57.1,87.0,031l,4,r,5320.4,-607.0,1033.4,-8.201,-0.06,2020-12-22,16:11
2020-12-22 16:11,Ow,casa,57.1,87.0,032l,4,r,5288.4,,-50694.0,4.878,0.03,2020-12-22,16:11
2020-12-22 16:11,Ow,casa,57.1,87.0,033l,5,l,6856.4,,1540.9,0.0,0.0,2020-12-22,16:11
2020-12-22 16:11,Ow,casa,57.1,87.0,034l,5,l,6824.4,,1560.0,-0.444,-0.0,2020-12-22,16:11
2020-12-22 16:11,Ow,casa,57.1,87.0,035l,5,l,6760.4,,1526.1,-0.472,-0.0,2020-12-22,16:11
2020-12-22 16:11,Ow,casa,57.1,87.0,036l,5,l,6696.4,31420.0,1477.5,0.232,0.0,2020-12-22,16:11
2020-12-22 16:11,Ow,casa,57.1,87.0,037l,5,l,6600.4,-4547.0,1881.4,-2.187,-0.01,2020-12-22,16:11
2020-12-22 16:11,Ow,casa,57.1,87.0,038l,5,l,6472.4,8709.0,1209.0,0.569,0.0,2020-12-22,16:11
2020-12-22 16:11,Ow,casa,57.1,87.0,039l,5,l,6440.4,1185.0,887.8,3.201,0.03,2020-12-22,16:11
2020-12-22 16:11,Ow,casa,57.1,87.0,040l,5,l,6408.4,2785.0,1314.1,1.977,0.02,2020-12-22,16:11
2020-12-22 16:11,Ow,casa,57.1,87.0,041l,6,r,6856.4,-8995.0,1711.0,-0.562,-0.01,2020-12-22,16:11
2020-12-22 16:11,Ow,casa,57.1,87.0,042l,6,r,6824.4,69243.0,1901.7,0.088,0.0,2020-12-22,16:11
2020-12-22 16:11,Ow,casa,57.1,87.0,043l,6,r,6760.4,17484.0,1805.8,0.349,0.0,2020-12-22,16:11
2020-12-22 16:11,Ow,casa,57.1,87.0,044l,6,r,6696.4,45388.0,2013.2,0.28,0.0,2020-12-22,16:11
2020-12-22 16:11,Ow,casa,57.1,87.0,045l,6,r,6600.4,-9174.0,2026.0,-1.485,-0.01,2020-12-22,16:11
2020-12-22 16:11,Ow,casa,57.1,87.0,046l,6,r,6472.4,34263.0,1687.3,0.269,0.0,2020-12-22,16:11
2020-12-22 16:11,Ow,casa,57.1,87.0,047l,6,r,6440.4,8465.0,391.0,0.251,0.0,2020-12-22,16:11
2020-12-22 16:11,Ow,casa,57.1,87.0,048l,6,r,6408.4,,1285.4,-0.242,-0.0,2020-12-22,16:11
2020-12-22 16:11,Ow,casa,57.1,87.0,049l,7,l,10696.4,35098.0,1604.9,0.196,0.0,2020-12-22,16:11
2020-12-22 16:11,Ow,casa,57.1,87.0,050l,7,l,10664.4,,1621.6,-0.1,-0.0,2020-12-22,16:11
2020-12-22 16:11,Ow,casa,57.1,87.0,051l,7,l,10600.4,63330.0,1624.0,0.132,0.0,2020-12-22,16:11
2020-12-22 16:11,Ow,casa,57.1,87.0,052l,7,l,10536.4,41705.0,1650.2,0.203,0.0,2020-12-22,16:11
2020-12-22 16:11,Ow,casa,57.1,87.0,053l,7,l,10440.4,,1513.1,-0.094,-0.0,2020-12-22,16:11
2020-12-22 16:11,Ow,casa,57.1,87.0,054l,7,l,10312.4,19076.0,1591.6,0.39,0.0,2020-12-22,16:11
2020-12-22 16:11,Ow,casa,57.1,87.0,055l,7,l,10280.4,,1586.4,-0.39,-0.0,2020-12-22,16:11
2020-12-22 16:11,Ow,casa,57.1,87.0,056l,7,l,10248.4,,1628.7,0.033,0.0,2020-12-22,16:11
2020-12-22 16:11,Ow,casa,57.1,87.0,057l,8,r,10696.4,,1600.1,-0.032,-0.0,2020-12-22,16:11
2020-12-22 16:11,Ow,casa,57.1,87.0,058l,8,r,10664.4,36447.0,1569.3,0.191,0.0,2020-12-22,16:11
2020-12-22 16:11,Ow,casa,57.1,87.0,059l,8,r,10600.4,19489.0,1657.6,0.436,0.0,2020-12-22,16:11
2020-12-22 16:11,Ow,casa,57.1,87.0,060l,8,r,10536.4,16783.0,1667.1,0.498,0.0,2020-12-22,16:11
2020-12-22 16:11,Ow,casa,57.1,87.0,061l,8,r,10440.4,,1583.0,-0.354,-0.0,2020-12-22,16:11
2020-12-22 16:11,Ow,casa,57.1,87.0,062l,8,r,10312.4,,1642.1,-0.133,-0.0,2020-12-22,16:11
2020-12-22 16:11,Ow,casa,57.1,87.0,063l,8,r,10280.4,,1656.2,0.034,0.0,2020-12-22,16:11
2020-12-22 16:11,Ow,casa,57.1,87.0,064l,8,r,10248.4,37355.0,1662.9,0.236,0.0,2020-12-22,16:11
2020-12-22 16:11,Ow,casa,57.1,87.0,001u,1,l,3496.4,-2029.0,4046.4,-14.617,-0.07,2020-12-22,16:11
2020-12-22 16:11,Ow,casa,57.1,87.0,002u,1,l,3464.4,-2530.0,2994.4,-8.687,-0.04,2020-12-22,16:11
2020-12-22 16:11,Ow,casa,57.1,87.0,003u,1,l,3400.4,,2411.3,-0.664,-0.0,2020-12-22,16:11
2020-12-22 16:11,Ow,casa,57.1,87.0,004u,1,l,3336.4,512.1,2529.8,40.79,0.17,2020-12-22,16:11
2020-12-22 16:11,Ow,casa,57.1,87.0,005u,1,l,3240.4,8771.0,2560.3,2.223,0.01,2020-12-22,16:11
2020-12-22 16:11,Ow,casa,57.1,87.0,006u,1,l,3112.4,-1957.0,2412.5,-9.801,-0.04,2020-12-22,16:11
2020-12-22 16:11,Ow,casa,57.1,87.0,007u,1,l,3080.4,22065.0,3688.4,1.33,0.01,2020-12-22,16:11
2020-12-22 16:11,Ow,casa,57.1,87.0,008u,1,l,3048.4,45784.0,5886.6,1.023,0.0,2020-12-22,16:11
2020-12-22 16:11,Ow,casa,57.1,87.0,009u,2,r,3496.4,10175.0,,-80.715,-0.37,2020-12-22,16:11
2020-12-22 16:11,Ow,casa,57.1,87.0,010u,2,r,3464.4,16369.0,3774.5,1.758,0.01,2020-12-22,16:11
2020-12-22 16:11,Ow,casa,57.1,87.0,011u,2,r,3400.4,52150.0,32616.0,6.161,0.02,2020-12-22,16:11
2020-12-22 16:11,Ow,casa,57.1,87.0,012u,2,r,3336.4,651.2,-25922.0,-409.57,-1.39,2020-12-22,16:11
2020-12-22 16:11,Ow,casa,57.1,87.0,013u,2,r,3240.4,8882.0,46747.0,51.242,0.18,2020-12-22,16:11
2020-12-22 16:11,Ow,casa,57.1,87.0,014u,2,r,3112.4,10641.0,34526.0,35.757,0.11,2020-12-22,16:11
2020-12-22 16:11,Ow,casa,57.1,87.0,015u,2,r,3080.4,,-59309.0,-2.52,-0.01,2020-12-22,16:11
2020-12-22 16:11,Ow,casa,57.1,87.0,016u,2,r,3048.4,7142.0,98983.0,152.735,0.49,2020-12-22,16:11
2020-12-22 16:11,Ow,casa,57.1,87.0,017u,3,l,5704.4,1471.0,1944.1,8.086,0.05,2020-12-22,16:11
2020-12-22 16:11,Ow,casa,57.1,87.0,018u,3,l,5672.4,,1500.4,-0.035,-0.0,2020-12-22,16:11
2020-12-22 16:11,Ow,casa,57.1,87.0,019u,3,l,5608.4,,1699.3,-0.039,-0.0,2020-12-22,16:11
2020-12-22 16:11,Ow,casa,57.1,87.0,020u,3,l,5544.4,2336.0,1523.1,3.955,0.02,2020-12-22,16:11
2020-12-22 16:11,Ow,casa,57.1,87.0,021u,3,l,5448.4,6662.0,2423.9,2.622,0.01,2020-12-22,16:11
2020-12-22 16:11,Ow,casa,57.1,87.0,022u,3,l,5320.4,19144.0,1703.2,0.54,0.0,2020-12-22,16:11
2020-12-22 16:11,Ow,casa,57.1,87.0,023u,3,l,5288.4,,1554.8,-0.65,-0.0,2020-12-22,16:11
2020-12-22 16:11,Ow,casa,57.1,87.0,024u,3,l,5256.4,-4874.0,1972.6,-2.641,-0.01,2020-12-22,16:11
2020-12-22 16:11,Ow,casa,57.1,87.0,025u,4,r,5704.4,282.7,2168.9,41.111,0.27,2020-12-22,16:11
2020-12-22 16:11,Ow,casa,57.1,87.0,026u,4,r,5672.4,-8912.0,2075.9,-1.27,-0.01,2020-12-22,16:11
2020-12-22 16:11,Ow,casa,57.1,87.0,027u,4,r,5608.4,2956.0,2373.0,4.422,0.03,2020-12-22,16:11
2020-12-22 16:11,Ow,casa,57.1,87.0,028u,4,r,5544.4,777.8,1541.6,10.706,0.07,2020-12-22,16:11
2020-12-22 16:11,Ow,casa,57.1,87.0,029u,4,r,5448.4,1980.0,1964.5,5.861,0.03,2020-12-22,16:11
2020-12-22 16:11,Ow,casa,57.1,87.0,030u,4,r,5320.4,94533.0,1813.8,0.093,0.0,2020-12-22,16:11
2020-12-22 16:11,Ow,casa,57.1,87.0,031u,4,r,5288.4,11735.0,1503.4,0.641,0.0,2020-12-22,16:11
2020-12-22 16:11,Ow,casa,57.1,87.0,032u,4,r,5256.4,-816.0,1175.5,-6.359,-0.05,2020-12-22,16:11
2020-12-22 16:11,Ow,casa,57.1,87.0,033u,5,l,6824.4,,1450.2,-0.26,-0.0,2020-12-22,16:11
2020-12-22 16:11,Ow,casa,57.1,87.0,034u,5,l,6792.4,,1576.2,-0.275,-0.0,2020-12-22,16:11
2020-12-22 16:11,Ow,casa,57.1,87.0,035u,5,l,6728.4,,1372.9,-0.186,-0.0,2020-12-22,16:11
2020-12-22 16:11,Ow,casa,57.1,87.0,036u,5,l,6664.4,,1651.4,0.036,0.0,2020-12-22,16:11
2020-12-22 16:11,Ow,casa,57.1,87.0,037u,5,l,6568.4,-1766.0,1762.7,-4.613,-0.03,2020-12-22,16:11
2020-12-22 16:11,Ow,casa,57.1,87.0,038u,5,l,6440.4,,1392.9,-0.19,-0.0,2020-12-22,16:11
2020-12-22 16:11,Ow,casa,57.1,87.0,039u,5,l,6408.4,7615.0,1196.9,0.659,0.01,2020-12-22,16:11
2020-12-22 16:11,Ow,casa,57.1,87.0,040u,5,l,6376.4,336.7,799.5,10.235,0.08,2020-12-22,16:11
2020-12-22 16:11,Ow,casa,57.1,87.0,041u,6,r,6824.4,,1553.0,-0.231,-0.0,2020-12-22,16:11
2020-12-22 16:11,Ow,casa,57.1,87.0,042u,6,r,6792.4,-8514.0,1741.4,-0.623,-0.01,2020-12-22,16:11
2020-12-22 16:11,Ow,casa,57.1,87.0,043u,6,r,6728.4,,1702.7,-0.124,-0.0,2020-12-22,16:11
2020-12-22 16:11,Ow,casa,57.1,87.0,044u,6,r,6664.4,,2189.3,-0.05,-0.0,2020-12-22,16:11
2020-12-22 16:11,Ow,casa,57.1,87.0,045u,6,r,6568.4,-3909.0,1950.3,-2.911,-0.02,2020-12-22,16:11
2020-12-22 16:11,Ow,casa,57.1,87.0,046u,6,r,6440.4,,2093.8,0.095,0.0,2020-12-22,16:11
2020-12-22 16:11,Ow,casa,57.1,87.0,047u,6,r,6408.4,18897.0,474.6,0.131,0.0,2020-12-22,16:11
2020-12-22 16:11,Ow,casa,57.1,87.0,048u,6,r,6376.4,6006.0,958.2,0.816,0.01,2020-12-22,16:11
2020-12-22 16:11,Ow,casa,57.1,87.0,049u,7,l,10664.4,,1647.0,-0.033,-0.0,2020-12-22,16:11
2020-12-22 16:11,Ow,casa,57.1,87.0,050u,7,l,10632.4,52126.0,1615.5,0.132,0.0,2020-12-22,16:11
2020-12-22 16:11,Ow,casa,57.1,87.0,051u,7,l,10568.4,76884.0,1629.0,0.1,0.0,2020-12-22,16:11
2020-12-22 16:11,Ow,casa,57.1,87.0,052u,7,l,10504.4,,1634.4,-0.101,-0.0,2020-12-22,16:11
2020-12-22 16:11,Ow,casa,57.1,87.0,053u,7,l,10408.4,,1528.0,-0.218,-0.0,2020-12-22,16:11
2020-12-22 16:11,Ow,casa,57.1,87.0,054u,7,l,10280.4,57253.0,1573.9,0.129,0.0,2020-12-22,16:11
2020-12-22 16:11,Ow,casa,57.1,87.0,055u,7,l,10248.4,25518.0,1595.7,0.292,0.0,2020-12-22,16:11
2020-12-22 16:11,Ow,casa,57.1,87.0,056u,7,l,10216.4,,1596.1,-0.428,-0.0,2020-12-22,16:11
2020-12-22 16:11,Ow,casa,57.1,87.0,057u,8,r,10664.4,,1716.2,-0.137,-0.0,2020-12-22,16:11
2020-12-22 16:11,Ow,casa,57.1,87.0,058u,8,r,10632.4,71564.0,1599.9,0.097,0.0,2020-12-22,16:11
2020-12-22 16:11,Ow,casa,57.1,87.0,059u,8,r,10568.4,,1573.7,-0.289,-0.0,2020-12-22,16:11
2020-12-22 16:11,Ow,casa,57.1,87.0,060u,8,r,10504.4,-954.0,1644.2,-8.59,-0.06,2020-12-22,16:11
2020-12-22 16:11,Ow,casa,57.1,87.0,061u,8,r,10408.4,31731.0,1629.9,0.23,0.0,2020-12-22,16:11
2020-12-22 16:11,Ow,casa,57.1,87.0,062u,8,r,10280.4,,1641.1,-0.066,-0.0,2020-12-22,16:11
2020-12-22 16:11,Ow,casa,57.1,87.0,063u,8,r,10248.4,,1659.6,-0.473,-0.0,2020-12-22,16:11
2020-12-22 16:11,Ow,casa,57.1,87.0,064u,8,r,10216.4,,1667.3,-0.136,-0.0,2020-12-22,16:11
2020-12-22 16:11,Ow,casa,57.1,87.0,ia,1,l,2048.0,20475.0,12095.0,4.699,0.02,2020-12-22,16:11
2020-12-22 16:11,Ow,casa,57.1,87.0,ib,2,r,2048.0,,1105.7,-0.425,-0.0,2020-12-22,16:11
2020-12-22 16:11,Ow,casa,57.1,87.0,ic,3,l,5652.0,-3157.0,2087.8,-3.613,-0.02,2020-12-22,16:11
2020-12-22 16:11,Ow,casa,57.1,87.0,id,4,r,5652.0,,1242.8,0.0,0.0,2020-12-22,16:11
2020-12-22 16:11,Ow,casa,57.1,87.0,ie,5,l,5652.0,-3183.0,1858.2,-3.189,-0.02,2020-12-22,16:11
2020-12-22 16:11,Ow,casa,57.1,87.0,if,6,r,5652.0,-4536.0,1395.1,-1.4,-0.01,2020-12-22,16:11
2020-12-22 16:11,Ow,casa,57.1,87.0,ig,7,l,9552.0,3361.0,1820.5,2.506,0.02,2020-12-22,16:11
2020-12-22 16:11,Ow,casa,57.1,87.0,ih,8,r,9552.0,,1761.8,0.0,0.0,2020-12-22,16:11
2020-12-22 17:04,Ow,casa,292.8,85.3,001l,1,l,3464.4,-1753.0,-6946.0,29.079,0.14,2020-12-22,17:04
2020-12-22 17:04,Ow,casa,292.8,85.3,002l,1,l,3432.4,104.5,2462.1,173.219,0.82,2020-12-22,17:04
2020-12-22 17:04,Ow,casa,292.8,85.3,003l,1,l,3368.4,195.0,8411.6,353.838,1.51,2020-12-22,17:04
2020-12-22 17:04,Ow,casa,292.8,85.3,004l,1,l,3304.4,95.97,2420.8,195.518,0.88,2020-12-22,17:04
2020-12-22 17:04,Ow,casa,292.8,85.3,005l,1,l,3208.4,185.9,6021.4,257.607,1.13,2020-12-22,17:04
2020-12-22 17:04,Ow,casa,292.8,85.3,006l,1,l,3080.4,107.5,2787.9,206.162,0.91,2020-12-22,17:04
2020-12-22 17:04,Ow,casa,292.8,85.3,007l,1,l,3048.4,134.8,2821.0,166.412,0.73,2020-12-22,17:04
2020-12-22 17:04,Ow,casa,292.8,85.3,008l,1,l,3016.4,197.4,6430.6,259.135,1.14,2020-12-22,17:04
2020-12-22 17:04,Ow,casa,292.8,85.3,009l,2,r,3464.4,-493.0,-3722.0,57.458,0.26,2020-12-22,17:04
2020-12-22 17:04,Ow,casa,292.8,85.3,010l,2,r,3432.4,170.5,3639.3,161.868,0.75,2020-12-22,17:04
2020-12-22 17:04,Ow,casa,292.8,85.3,011l,2,r,3368.4,249.5,9813.6,353.994,1.38,2020-12-22,17:04
2020-12-22 17:04,Ow,casa,292.8,85.3,012l,2,r,3304.4,230.3,3658.7,150.327,0.56,2020-12-22,17:04
2020-12-22 17:04,Ow,casa,292.8,85.3,013l,2,r,3208.4,340.7,7217.3,233.429,0.74,2020-12-22,17:04
2020-12-22 17:04,Ow,casa,292.8,85.3,014l,2,r,3080.4,149.5,6433.4,474.045,1.51,2020-12-22,17:04
2020-12-22 17:04,Ow,casa,292.8,85.3,015l,2,r,3048.4,179.8,3607.8,221.101,0.7,2020-12-22,17:04
2020-12-22 17:04,Ow,casa,292.8,85.3,016l,2,r,3016.4,279.4,4457.9,175.81,0.56,2020-12-22,17:04
2020-12-22 17:04,Ow,casa,292.8,85.3,017l,3,l,5736.4,53.68,1448.7,165.807,0.94,2020-12-22,17:04
2020-12-22 17:04,Ow,casa,292.8,85.3,018l,3,l,5704.4,56.35,1503.5,163.353,0.93,2020-12-22,17:04
2020-12-22 17:04,Ow,casa,292.8,85.3,019l,3,l,5640.4,49.17,1367.2,178.173,0.97,2020-12-22,17:04
2020-12-22 17:04,Ow,casa,292.8,85.3,020l,3,l,5576.4,51.37,1277.8,140.57,0.87,2020-12-22,17:04
2020-12-22 17:04,Ow,casa,292.8,85.3,021l,3,l,5480.4,123.3,3673.7,194.664,1.04,2020-12-22,17:04
2020-12-22 17:04,Ow,casa,292.8,85.3,022l,3,l,5352.4,69.35,1548.1,118.461,0.78,2020-12-22,17:04
2020-12-22 17:04,Ow,casa,292.8,85.3,023l,3,l,5320.4,87.01,2592.1,180.98,1.04,2020-12-22,17:04
2020-12-22 17:04,Ow,casa,292.8,85.3,024l,3,l,5288.4,91.23,3081.7,223.467,1.18,2020-12-22,17:04
2020-12-22 17:04,Ow,casa,292.8,85.3,025l,4,r,5736.4,66.53,1908.4,155.256,1.0,2020-12-22,17:04
2020-12-22 17:04,Ow,casa,292.8,85.3,026l,4,r,5704.4,48.33,1652.5,183.257,1.2,2020-12-22,17:04
2020-12-22 17:04,Ow,casa,292.8,85.3,027l,4,r,5640.4,44.83,1467.2,194.771,1.15,2020-12-22,17:04
2020-12-22 17:04,Ow,casa,292.8,85.3,028l,4,r,5576.4,46.07,1466.1,143.526,1.11,2020-12-22,17:04
2020-12-22 17:04,Ow,casa,292.8,85.3,029l,4,r,5480.4,65.26,1879.9,147.9,1.01,2020-12-22,17:04
2020-12-22 17:04,Ow,casa,292.8,85.3,030l,4,r,5352.4,161.9,1780.0,47.059,0.38,2020-12-22,17:04
2020-12-22 17:04,Ow,casa,292.8,85.3,031l,4,r,5320.4,-331.0,-2877.0,41.799,0.3,2020-12-22,17:04
2020-12-22 17:04,Ow,casa,292.8,85.3,032l,4,r,5288.4,194.3,-8657.0,-222.9,-1.56,2020-12-22,17:04
2020-12-22 17:04,Ow,casa,292.8,85.3,033l,5,l,6856.4,62.72,1512.7,107.308,0.84,2020-12-22,17:04
2020-12-22 17:04,Ow,casa,292.8,85.3,034l,5,l,6824.4,58.97,1505.3,109.237,0.89,2020-12-22,17:04
2020-12-22 17:04,Ow,casa,292.8,85.3,035l,5,l,6760.4,58.42,1461.3,113.707,0.88,2020-12-22,17:04
2020-12-22 17:04,Ow,casa,292.8,85.3,036l,5,l,6696.4,52.91,1418.8,132.09,0.94,2020-12-22,17:04
2020-12-22 17:04,Ow,casa,292.8,85.3,037l,5,l,6600.4,63.23,1995.3,166.82,1.1,2020-12-22,17:04
2020-12-22 17:04,Ow,casa,292.8,85.3,038l,5,l,6472.4,45.26,1239.6,112.337,0.96,2020-12-22,17:04
2020-12-22 17:04,Ow,casa,292.8,85.3,039l,5,l,6440.4,68.02,2869.3,180.348,1.48,2020-12-22,17:04
2020-12-22 17:04,Ow,casa,292.8,85.3,040l,5,l,6408.4,49.52,1430.1,121.054,1.01,2020-12-22,17:04
2020-12-22 17:04,Ow,casa,292.8,85.3,041l,6,r,6856.4,45.06,2117.6,138.882,1.64,2020-12-22,17:04
2020-12-22 17:04,Ow,casa,292.8,85.3,042l,6,r,6824.4,58.28,2574.6,140.94,1.55,2020-12-22,17:04
2020-12-22 17:04,Ow,casa,292.8,85.3,043l,6,r,6760.4,48.87,2046.6,141.379,1.47,2020-12-22,17:04
2020-12-22 17:04,Ow,casa,292.8,85.3,044l,6,r,6696.4,87.51,2710.7,195.843,1.08,2020-12-22,17:04
2020-12-22 17:04,Ow,casa,292.8,85.3,045l,6,r,6600.4,98.25,3342.4,228.68,1.19,2020-12-22,17:04
2020-12-22 17:04,Ow,casa,292.8,85.3,046l,6,r,6472.4,112.1,3758.6,183.183,1.17,2020-12-22,17:04
2020-12-22 17:04,Ow,casa,292.8,85.3,047l,6,r,6440.4,251.7,-3075.0,-66.279,-0.43,2020-12-22,17:04
2020-12-22 17:04,Ow,casa,292.8,85.3,048l,6,r,6408.4,139.6,5968.0,223.564,1.5,2020-12-22,17:04
2020-12-22 17:04,Ow,casa,292.8,85.3,049l,7,l,10696.4,70.93,1504.0,90.926,0.74,2020-12-22,17:04
2020-12-22 17:04,Ow,casa,292.8,85.3,050l,7,l,10664.4,74.05,1518.7,87.951,0.72,2020-12-22,17:04
2020-12-22 17:04,Ow,casa,292.8,85.3,051l,7,l,10600.4,68.58,1517.5,113.765,0.77,2020-12-22,17:04
2020-12-22 17:04,Ow,casa,292.8,85.3,052l,7,l,10536.4,70.13,1539.4,112.51,0.77,2020-12-22,17:04
2020-12-22 17:04,Ow,casa,292.8,85.3,053l,7,l,10440.4,61.38,1404.3,110.913,0.8,2020-12-22,17:04
2020-12-22 17:04,Ow,casa,292.8,85.3,054l,7,l,10312.4,51.81,1448.0,130.717,0.98,2020-12-22,17:04
2020-12-22 17:04,Ow,casa,292.8,85.3,055l,7,l,10280.4,50.93,1475.6,135.454,1.01,2020-12-22,17:04
2020-12-22 17:04,Ow,casa,292.8,85.3,056l,7,l,10248.4,49.66,1512.9,142.355,1.07,2020-12-22,17:04
2020-12-22 17:04,Ow,casa,292.8,85.3,057l,8,r,10696.4,52.12,1450.8,120.544,0.97,2020-12-22,17:04
2020-12-22 17:04,Ow,casa,292.8,85.3,058l,8,r,10664.4,50.78,1402.8,122.453,0.97,2020-12-22,17:04
2020-12-22 17:04,Ow,casa,292.8,85.3,059l,8,r,10600.4,41.64,1500.3,184.523,1.26,2020-12-22,17:04
2020-12-22 17:04,Ow,casa,292.8,85.3,060l,8,r,10536.4,40.16,1452.5,181.382,1.27,2020-12-22,17:04
2020-12-22 17:04,Ow,casa,292.8,85.3,061l,8,r,10440.4,33.16,1373.6,190.634,1.45,2020-12-22,17:04
2020-12-22 17:04,Ow,casa,292.8,85.3,062l,8,r,10312.4,34.91,1415.4,219.887,1.42,2020-12-22,17:04
2020-12-22 17:04,Ow,casa,292.8,85.3,063l,8,r,10280.4,32.46,1410.5,233.011,1.52,2020-12-22,17:04
2020-12-22 17:04,Ow,casa,292.8,85.3,064l,8,r,10248.4,34.37,1421.3,219.141,1.45,2020-12-22,17:04
2020-12-22 17:04,Ow,casa,292.8,85.3,001u,1,l,3496.4,107.7,2628.7,178.855,0.85,2020-12-22,17:04
2020-12-22 17:04,Ow,casa,292.8,85.3,002u,1,l,3464.4,146.9,8767.0,437.922,2.09,2020-12-22,17:04
2020-12-22 17:04,Ow,casa,292.8,85.3,003u,1,l,3400.4,88.47,2081.8,199.008,0.82,2020-12-22,17:04
2020-12-22 17:04,Ow,casa,292.8,85.3,004u,1,l,3336.4,89.19,2261.9,209.422,0.89,2020-12-22,17:04
2020-12-22 17:04,Ow,casa,292.8,85.3,005u,1,l,3240.4,89.48,2180.6,185.609,0.85,2020-12-22,17:04
2020-12-22 17:04,Ow,casa,292.8,85.3,006u,1,l,3112.4,123.8,2665.9,171.245,0.75,2020-12-22,17:04
2020-12-22 17:04,Ow,casa,292.8,85.3,007u,1,l,3080.4,180.6,4482.8,197.367,0.87,2020-12-22,17:04
2020-12-22 17:04,Ow,casa,292.8,85.3,008u,1,l,3048.4,127.2,3114.9,194.789,0.86,2020-12-22,17:04
2020-12-22 17:04,Ow,casa,292.8,85.3,009u,2,r,3496.4,173.2,3473.2,153.364,0.7,2020-12-22,17:04
2020-12-22 17:04,Ow,casa,292.8,85.3,010u,2,r,3464.4,196.3,28074.0,1090.45,5.01,2020-12-22,17:04
2020-12-22 17:04,Ow,casa,292.8,85.3,011u,2,r,3400.4,173.2,2829.9,160.945,0.57,2020-12-22,17:04
2020-12-22 17:04,Ow,casa,292.8,85.3,012u,2,r,3336.4,230.5,3450.1,153.966,0.52,2020-12-22,17:04
2020-12-22 17:04,Ow,casa,292.8,85.3,013u,2,r,3240.4,163.7,3183.5,189.334,0.68,2020-12-22,17:04
2020-12-22 17:04,Ow,casa,292.8,85.3,014u,2,r,3112.4,171.5,3659.7,235.15,0.75,2020-12-22,17:04
2020-12-22 17:04,Ow,casa,292.8,85.3,015u,2,r,3080.4,284.3,4385.5,169.992,0.54,2020-12-22,17:04
2020-12-22 17:04,Ow,casa,292.8,85.3,016u,2,r,3048.4,218.1,3398.7,171.681,0.55,2020-12-22,17:04
2020-12-22 17:04,Ow,casa,292.8,85.3,017u,3,l,5704.4,63.75,1858.7,178.5,1.02,2020-12-22,17:04
2020-12-22 17:04,Ow,casa,292.8,85.3,018u,3,l,5672.4,53.9,1485.1,167.814,0.96,2020-12-22,17:04
2020-12-22 17:04,Ow,casa,292.8,85.3,019u,3,l,5608.4,62.66,1745.0,171.445,0.97,2020-12-22,17:04
2020-12-22 17:04,Ow,casa,292.8,85.3,020u,3,l,5544.4,56.29,1481.8,159.71,0.92,2020-12-22,17:04
2020-12-22 17:04,Ow,casa,292.8,85.3,021u,3,l,5448.4,87.68,1825.6,150.045,0.73,2020-12-22,17:04
2020-12-22 17:04,Ow,casa,292.8,85.3,022u,3,l,5320.4,70.24,1612.8,139.486,0.8,2020-12-22,17:04
2020-12-22 17:04,Ow,casa,292.8,85.3,023u,3,l,5288.4,87.39,1590.4,120.389,0.64,2020-12-22,17:04
2020-12-22 17:04,Ow,casa,292.8,85.3,024u,3,l,5256.4,93.65,2768.8,192.956,1.03,2020-12-22,17:04
2020-12-22 17:04,Ow,casa,292.8,85.3,025u,4,r,5704.4,61.66,2295.1,199.5,1.3,2020-12-22,17:04
2020-12-22 17:04,Ow,casa,292.8,85.3,026u,4,r,5672.4,64.37,1845.7,156.312,1.0,2020-12-22,17:04
2020-12-22 17:04,Ow,casa,292.8,85.3,027u,4,r,5608.4,79.99,2590.2,178.367,1.13,2020-12-22,17:04
2020-12-22 17:04,Ow,casa,292.8,85.3,028u,4,r,5544.4,44.79,1621.4,195.579,1.27,2020-12-22,17:04
2020-12-22 17:04,Ow,casa,292.8,85.3,029u,4,r,5448.4,55.17,1897.8,203.306,1.2,2020-12-22,17:04
2020-12-22 17:04,Ow,casa,292.8,85.3,030u,4,r,5320.4,79.04,1807.2,110.239,0.8,2020-12-22,17:04
2020-12-22 17:04,Ow,casa,292.8,85.3,031u,4,r,5288.4,229.6,1820.9,39.674,0.28,2020-12-22,17:04
2020-12-22 17:04,Ow,casa,292.8,85.3,032u,4,r,5256.4,-254.0,-3340.0,57.893,0.46,2020-12-22,17:04
2020-12-22 17:04,Ow,casa,292.8,85.3,033u,5,l,6824.4,60.04,1402.1,99.944,0.82,2020-12-22,17:04
2020-12-22 17:04,Ow,casa,292.8,85.3,034u,5,l,6792.4,63.99,1557.4,109.667,0.85,2020-12-22,17:04
2020-12-22 17:04,Ow,casa,292.8,85.3,035u,5,l,6728.4,55.01,1368.2,104.728,0.87,2020-12-22,17:04
2020-12-22 17:04,Ow,casa,292.8,85.3,036u,5,l,6664.4,61.15,1571.3,136.077,0.9,2020-12-22,17:04
2020-12-22 17:04,Ow,casa,292.8,85.3,037u,5,l,6568.4,69.67,2430.1,161.227,1.22,2020-12-22,17:04
2020-12-22 17:04,Ow,casa,292.8,85.3,038u,5,l,6440.4,49.88,1343.7,115.18,0.94,2020-12-22,17:04
2020-12-22 17:04,Ow,casa,292.8,85.3,039u,5,l,6408.4,45.69,1244.1,114.129,0.95,2020-12-22,17:04
2020-12-22 17:04,Ow,casa,292.8,85.3,040u,5,l,6376.4,69.97,3072.1,189.276,1.54,2020-12-22,17:04
2020-12-22 17:04,Ow,casa,292.8,85.3,041u,6,r,6824.4,46.45,1870.3,128.458,1.41,2020-12-22,17:04
2020-12-22 17:04,Ow,casa,292.8,85.3,042u,6,r,6792.4,47.68,2267.5,144.914,1.66,2020-12-22,17:04
2020-12-22 17:04,Ow,casa,292.8,85.3,043u,6,r,6728.4,53.17,2029.4,124.577,1.34,2020-12-22,17:04
2020-12-22 17:04,Ow,casa,292.8,85.3,044u,6,r,6664.4,72.85,2509.8,192.384,1.21,2020-12-22,17:04
2020-12-22 17:04,Ow,casa,292.8,85.3,045u,6,r,6568.4,121.5,6272.2,300.978,1.81,2020-12-22,17:04
2020-12-22 17:04,Ow,casa,292.8,85.3,046u,6,r,6440.4,92.39,2849.5,167.291,1.08,2020-12-22,17:04
2020-12-22 17:04,Ow,casa,292.8,85.3,047u,6,r,6408.4,107.0,4032.8,197.077,1.32,2020-12-22,17:04
2020-12-22 17:04,Ow,casa,292.8,85.3,048u,6,r,6376.4,216.7,-3164.0,-74.665,-0.51,2020-12-22,17:04
2020-12-22 17:04,Ow,casa,292.8,85.3,049u,7,l,10664.4,72.99,1542.8,90.642,0.74,2020-12-22,17:04
2020-12-22 17:04,Ow,casa,292.8,85.3,050u,7,l,10632.4,71.72,1514.3,90.231,0.74,2020-12-22,17:04
2020-12-22 17:04,Ow,casa,292.8,85.3,051u,7,l,10568.4,70.6,1527.0,101.892,0.76,2020-12-22,17:04
2020-12-22 17:04,Ow,casa,292.8,85.3,052u,7,l,10504.4,67.55,1522.6,117.199,0.79,2020-12-22,17:04
2020-12-22 17:04,Ow,casa,292.8,85.3,053u,7,l,10408.4,62.05,1420.6,107.223,0.8,2020-12-22,17:04
2020-12-22 17:04,Ow,casa,292.8,85.3,054u,7,l,10280.4,51.83,1445.8,130.415,0.98,2020-12-22,17:04
2020-12-22 17:04,Ow,casa,292.8,85.3,055u,7,l,10248.4,51.66,1451.3,131.282,0.98,2020-12-22,17:04
2020-12-22 17:04,Ow,casa,292.8,85.3,056u,7,l,10216.4,50.32,1486.7,138.004,1.03,2020-12-22,17:04
2020-12-22 17:04,Ow,casa,292.8,85.3,057u,8,r,10664.4,56.2,1539.8,121.437,0.96,2020-12-22,17:04
2020-12-22 17:04,Ow,casa,292.8,85.3,058u,8,r,10632.4,51.86,1446.7,121.126,0.98,2020-12-22,17:04
2020-12-22 17:04,Ow,casa,292.8,85.3,059u,8,r,10568.4,45.33,1436.0,151.852,1.11,2020-12-22,17:04
2020-12-22 17:04,Ow,casa,292.8,85.3,060u,8,r,10504.4,40.41,1447.5,178.637,1.25,2020-12-22,17:04
2020-12-22 17:04,Ow,casa,292.8,85.3,061u,8,r,10408.4,33.5,1416.3,188.958,1.48,2020-12-22,17:04
2020-12-22 17:04,Ow,casa,292.8,85.3,062u,8,r,10280.4,35.25,1400.9,213.12,1.39,2020-12-22,17:04
2020-12-22 17:04,Ow,casa,292.8,85.3,063u,8,r,10248.4,34.05,1426.7,222.033,1.47,2020-12-22,17:04
2020-12-22 17:04,Ow,casa,292.8,85.3,064u,8,r,10216.4,31.93,1417.3,235.745,1.55,2020-12-22,17:04
2020-12-22 17:04,Ow,casa,292.8,85.3,ia,1,l,2048.0,-5443.0,-3601.0,5.262,0.02,2020-12-22,17:04
2020-12-22 17:04,Ow,casa,292.8,85.3,ib,2,r,2048.0,1550.0,-3147.0,-22.38,-0.07,2020-12-22,17:04
2020-12-22 17:04,Ow,casa,292.8,85.3,ic,3,l,5652.0,88.39,2270.0,140.308,0.9,2020-12-22,17:04
2020-12-22 17:04,Ow,casa,292.8,85.3,id,4,r,5652.0,57.94,2908.3,228.444,1.76,2020-12-22,17:04
2020-12-22 17:04,Ow,casa,292.8,85.3,ie,5,l,5652.0,74.92,1908.6,139.186,0.89,2020-12-22,17:04
2020-12-22 17:04,Ow,casa,292.8,85.3,if,6,r,5652.0,58.55,2097.8,163.07,1.25,2020-12-22,17:04
2020-12-22 17:04,Ow,casa,292.8,85.3,ig,7,l,9552.0,74.55,1840.4,114.224,0.86,2020-12-22,17:04
2020-12-22 17:04,Ow,casa,292.8,85.3,ih,8,r,9552.0,56.23,1649.5,168.288,1.03,2020-12-22,17:04
